{"factorial": {"pypy": 4.098241329193115e-05, "cython": 5.3085589408874515e-05, "py": 9.500770568847656e-05}, "matrix multiply": {"pypy": 7.453393936157227e-06, "cython": 2.331247329711914e-05, "py": 7.438228130340576e-05}, "adding numbers": {"pypy": 0.1571960926055908, "cython": 5.247049689292908, "py": 5.4087756156921385}, "dictionary insert": {"pypy": 0.01990938663482666, "py": 0.024739077091217043}, "dictionary remove": {"pypy": 0.006901829242706299, "py": 0.010495617389678955}}