{"factorial": {"pypy": 4.541647434234619e-05, "cython": 5.501101016998291e-05, "py": 9.430561065673828e-05}, "matrix multiply": {"pypy": 7.899427413940429e-06, "cython": 2.425692081451416e-05, "py": 7.477450370788574e-05}, "adding numbers": {"pypy": 0.16209099292755128, "cython": 0.028165173530578614, "py": 5.480397367477417}, "dictionary insert": {"pypy": 0.01989863634109497, "py": 0.024367196559906004}, "dictionary remove": {"pypy": 0.00660400390625, "py": 0.010291852951049806}, "integral": {"cython": 1.4662742614746094e-05, "pypy": 0.00019075870513916016, "py": 0.001711583137512207}}