{"factorial": {"cython": 5.494401454925537e-05, "pypy": 4.0375781059265135e-05}, "matrix multiply": {"cython": 2.2620844841003417e-05, "pypy": 7.866883277893066e-06}, "adding numbers": {"cython": 0.026125049591064452, "pypy": 0.15652153491973878}, "integral": {"cython": 1.590251922607422e-05, "pypy": 0.00020463466644287108}}