{"factorial": {"pypy": 4.062049388885498e-05, "cython": 5.3085589408874515e-05, "py": 9.500770568847656e-05}, "matrix multiply": {"pypy": 8.030867576599121e-06, "cython": 2.331247329711914e-05, "py": 7.438228130340576e-05}, "adding numbers": {"pypy": 0.15776402950286866, "cython": 5.247049689292908, "py": 5.4087756156921385}, "dictionary insert": {"pypy": 0.020138368606567383, "py": 0.024739077091217043}, "dictionary remove": {"pypy": 0.007136549949645996, "py": 0.010495617389678955}}