{"factorial": {"cython": 5.8357906341552736e-05, "pypy": 5.005660057067871e-05, "py": 0.00010694522857666015}, "matrix multiply": {"cython": 2.5704050064086913e-05, "pypy": 9.155559539794923e-06, "py": 8.524646759033203e-05}, "adding numbers": {"cython": 0.026594940423965454, "pypy": 0.15883410048484803}, "integral": {"cython": 1.9240379333496094e-05, "pypy": 6.106948852539063e-05, "py": 0.0019106626510620116}, "in list": {"cython": 0.005485716819763183, "pypy": 0.0017964317798614502, "py": 0.022299067258834838}}