{"factorial": {"cython": 5.2471423149108885e-05, "pypy": 4.449429512023926e-05, "py": 9.548699855804444e-05}, "matrix multiply": {"cython": 2.2102618217468262e-05, "pypy": 7.3236703872680666e-06, "py": 7.700927257537841e-05}, "adding numbers": {"cython": 0.026662885665893556, "pypy": 0.16002831053733826, "py": 6.018247104883194}, "integral": {"cython": 1.590251922607422e-05, "pypy": 5.654144287109375e-05, "py": 0.0020500898361206056}, "in list": {"cython": 0.004172335624694825, "pypy": 0.0015963249206542968, "py": 0.020438743114471435}}