{
  "factorial": {
    "pypy": 0.00004393947124481201,
    "cython": 0.00005434613227844238,
    "py": 0.00009937427043914795
  },
  "matrix multiply": {
    "pypy": 0.000007866501808166504,
    "cython": 0.000022636008262634278,
    "py": 0.00007611329555511475
  },
  "adding numbers": {
    "pypy": 0.15909032821655272,
    "cython": 5.4140218019485475,
    "py": 5.716549134254455
  }
}
