{"factorial": {"pypy": 4.1716408729553226e-05, "cython": 5.3154349327087405e-05, "py": 9.350752830505371e-05}, "matrix multiply": {"pypy": 7.570815086364746e-06, "cython": 2.2229194641113282e-05, "py": 7.422780990600586e-05}, "adding numbers": {"pypy": 0.15633809566497803, "cython": 5.267168593406677, "py": 5.394678997993469}}